name,country_code,year,pop,alpha3
WORLD,900,1990,5327231.041,NA
WORLD,900,1995,5744212.93,NA
WORLD,900,2000,6143493.806,NA
WORLD,900,2005,6541906.956,NA
WORLD,900,2010,6956823.588,NA
WORLD,900,2015,7379796.967,NA
WORLD,900,2020,7794798.729,NA
Sub-Saharan Africa,947,1990,490604.852,NA
Sub-Saharan Africa,947,1995,560759.472,NA
Sub-Saharan Africa,947,2000,639661.386,NA
Sub-Saharan Africa,947,2005,729733.003,NA
Sub-Saharan Africa,947,2010,836363.757,NA
Sub-Saharan Africa,947,2015,958577.201,NA
Sub-Saharan Africa,947,2020,1094365.605,NA
Northern Africa and Western Asia,1833,1990,288060.443,NA
Northern Africa and Western Asia,1833,1995,323178.117,NA
Northern Africa and Western Asia,1833,2000,355881.668,NA
Northern Africa and Western Asia,1833,2005,391985.543,NA
Northern Africa and Western Asia,1833,2010,435366.79,NA
Northern Africa and Western Asia,1833,2015,481520.015,NA
Northern Africa and Western Asia,1833,2020,525869.282,NA
Central and Southern Asia,921,1990,1239984.308,NA
Central and Southern Asia,921,1995,1376199.571,NA
Central and Southern Asia,921,2000,1511915.31,NA
Central and Southern Asia,921,2005,1647073.789,NA
Central and Southern Asia,921,2010,1775360.533,NA
Central and Southern Asia,921,2015,1896327.293,NA
Central and Southern Asia,921,2020,2014708.531,NA
Eastern and South-Eastern Asia,1832,1990,1837799.004,NA
Eastern and South-Eastern Asia,1832,1995,1950219.95,NA
Eastern and South-Eastern Asia,1832,2000,2044789.22,NA
Eastern and South-Eastern Asia,1832,2005,2125348.402,NA
Eastern and South-Eastern Asia,1832,2010,2201806.674,NA
Eastern and South-Eastern Asia,1832,2015,2279489.616,NA
Eastern and South-Eastern Asia,1832,2020,2346709.481,NA
Latin America and the Caribbean,1830,1990,442840.078,NA
Latin America and the Caribbean,1830,1995,483018.226,NA
Latin America and the Caribbean,1830,2000,521836.322,NA
Latin America and the Caribbean,1830,2005,557500.981,NA
Latin America and the Caribbean,1830,2010,591352.345,NA
Latin America and the Caribbean,1830,2015,623934.126,NA
Latin America and the Caribbean,1830,2020,653962.332,NA
Oceania (excluding Australia and New Zealand),1835,1990,6939.919,NA
Oceania (excluding Australia and New Zealand),1835,1995,7721.606,NA
Oceania (excluding Australia and New Zealand),1835,2000,8574.661,NA
Oceania (excluding Australia and New Zealand),1835,2005,9376.317,NA
Oceania (excluding Australia and New Zealand),1835,2010,10348.322,NA
Oceania (excluding Australia and New Zealand),1835,2015,11311.667,NA
Oceania (excluding Australia and New Zealand),1835,2020,12355.695,NA
Australia and New Zealand,927,1990,20358.775,NA
Australia and New Zealand,927,1995,21668.023,NA
Australia and New Zealand,927,2000,22850.426,NA
Australia and New Zealand,927,2005,24313.896,NA
Australia and New Zealand,927,2010,26524.747,NA
Australia and New Zealand,927,2015,28547.026,NA
Australia and New Zealand,927,2020,30322.114,NA
Europe and Northern America,1829,1990,1000643.662,NA
Europe and Northern America,1829,1995,1021447.965,NA
Europe and Northern America,1829,2000,1037984.813,NA
Europe and Northern America,1829,2005,1056575.025,NA
Europe and Northern America,1829,2010,1079700.42,NA
Europe and Northern America,1829,2015,1100090.023,NA
Europe and Northern America,1829,2020,1116505.689,NA
Developed regions,901,1990,1145507.68,NA
Developed regions,901,1995,1169481.474,NA
Developed regions,901,2000,1188359.407,NA
Developed regions,901,2005,1209215.036,NA
Developed regions,901,2010,1234767.516,NA
Developed regions,901,2015,1256622.188,NA
Developed regions,901,2020,1273304.261,NA
Less developed regions,902,1990,4181723.361,NA
Less developed regions,902,1995,4574731.456,NA
Less developed regions,902,2000,4955134.399,NA
Less developed regions,902,2005,5332691.92,NA
Less developed regions,902,2010,5722056.072,NA
Less developed regions,902,2015,6123174.779,NA
Less developed regions,902,2020,6521494.468,NA
"Less developed regions, excluding least developed countries",934,1990,3675447.735,NA
"Less developed regions, excluding least developed countries",934,1995,3995049.754,NA
"Less developed regions, excluding least developed countries",934,2000,4297918.545,NA
"Less developed regions, excluding least developed countries",934,2005,4588501.411,NA
"Less developed regions, excluding least developed countries",934,2010,4885441.231,NA
"Less developed regions, excluding least developed countries",934,2015,5182043.462,NA
"Less developed regions, excluding least developed countries",934,2020,5464056.305,NA
"Less developed regions, excluding China",948,1990,2978289.406,CHN
"Less developed regions, excluding China",948,1995,3305985.141,CHN
"Less developed regions, excluding China",948,2000,3635583.004,CHN
"Less developed regions, excluding China",948,2005,3971957.379,CHN
"Less developed regions, excluding China",948,2010,4322553.373,CHN
"Less developed regions, excluding China",948,2015,4684981.353,CHN
"Less developed regions, excluding China",948,2020,5050207.589,CHN
Least developed countries,941,1990,506275.626,NA
Least developed countries,941,1995,579681.702,NA
Least developed countries,941,2000,657215.854,NA
Least developed countries,941,2005,744190.509,NA
Least developed countries,941,2010,836614.841,NA
Least developed countries,941,2015,941131.317,NA
Least developed countries,941,2020,1057438.163,NA
Land-locked Developing Countries (LLDC),1636,1990,265852.002,NA
Land-locked Developing Countries (LLDC),1636,1995,298698.477,NA
Land-locked Developing Countries (LLDC),1636,2000,333947.033,NA
Land-locked Developing Countries (LLDC),1636,2005,374684.858,NA
Land-locked Developing Countries (LLDC),1636,2010,420661.371,NA
Land-locked Developing Countries (LLDC),1636,2015,473816.858,NA
Land-locked Developing Countries (LLDC),1636,2020,533143.398,NA
Small island developing States (SIDS),1637,1990,49770.838,NA
Small island developing States (SIDS),1637,1995,53768.579,NA
Small island developing States (SIDS),1637,2000,57577.24,NA
Small island developing States (SIDS),1637,2005,61001.741,NA
Small island developing States (SIDS),1637,2010,65206.321,NA
Small island developing States (SIDS),1637,2015,68809.959,NA
Small island developing States (SIDS),1637,2020,72027.554,NA
High-income countries,1503,1990,1030391.304,NA
High-income countries,1503,1995,1065242.334,NA
High-income countries,1503,2000,1098780.443,NA
High-income countries,1503,2005,1135351.097,NA
High-income countries,1503,2010,1177929.112,NA
High-income countries,1503,2015,1212054.247,NA
High-income countries,1503,2020,1238417.44,NA
Middle-income countries,1517,1990,3991573.63,NA
Middle-income countries,1517,1995,4326140.034,NA
Middle-income countries,1517,2000,4640681.674,NA
Middle-income countries,1517,2005,4941373.573,NA
Middle-income countries,1517,2010,5244983.653,NA
Middle-income countries,1517,2015,5561737.202,NA
Middle-income countries,1517,2020,5867348.511,NA
Upper-middle-income countries,1502,1990,2225369.409,NA
Upper-middle-income countries,1502,1995,2365034.258,NA
Upper-middle-income countries,1502,2000,2483516.241,NA
Upper-middle-income countries,1502,2005,2589938.292,NA
Upper-middle-income countries,1502,2010,2695485.306,NA
Upper-middle-income countries,1502,2015,2811079.126,NA
Upper-middle-income countries,1502,2020,2913153.578,NA
Lower-middle-income countries,1501,1990,1766204.221,NA
Lower-middle-income countries,1501,1995,1961105.776,NA
Lower-middle-income countries,1501,2000,2157165.433,NA
Lower-middle-income countries,1501,2005,2351435.281,NA
Lower-middle-income countries,1501,2010,2549498.347,NA
Lower-middle-income countries,1501,2015,2750658.076,NA
Lower-middle-income countries,1501,2020,2954194.933,NA
Low-income countries,1500,1990,303390.423,NA
Low-income countries,1500,1995,350774.325,NA
Low-income countries,1500,2000,401768.207,NA
Low-income countries,1500,2005,462679.641,NA
Low-income countries,1500,2010,531260.033,NA
Low-income countries,1500,2015,603234.487,NA
Low-income countries,1500,2020,686089.21,NA
AFRICA,903,1990,630349.685,NA
AFRICA,903,1995,717270.112,NA
AFRICA,903,2000,810984.232,NA
AFRICA,903,2005,916154.285,NA
AFRICA,903,2010,1039304.03,NA
AFRICA,903,2015,1182438.803,NA
AFRICA,903,2020,1340598.113,NA
Eastern Africa,910,1990,197168.372,NA
Eastern Africa,910,1995,223934.244,NA
Eastern Africa,910,2000,257353.351,NA
Eastern Africa,910,2005,295185.413,NA
Eastern Africa,910,2010,339317.85,NA
Eastern Africa,910,2015,389671.295,NA
Eastern Africa,910,2020,445405.578,NA
Burundi,108,1990,5438.959,BDI
Burundi,108,1995,5987.044,BDI
Burundi,108,2000,6378.871,BDI
Burundi,108,2005,7364.857,BDI
Burundi,108,2010,8675.606,BDI
Burundi,108,2015,10160.034,BDI
Burundi,108,2020,11890.781,BDI
Comoros,174,1990,411.598,COM
Comoros,174,1995,475.394,COM
Comoros,174,2000,542.358,COM
Comoros,174,2005,611.625,COM
Comoros,174,2010,689.696,COM
Comoros,174,2015,777.435,COM
Comoros,174,2020,869.595,COM
Djibouti,262,1990,590.393,DJI
Djibouti,262,1995,630.385,DJI
Djibouti,262,2000,717.577,DJI
Djibouti,262,2005,783.248,DJI
Djibouti,262,2010,840.194,DJI
Djibouti,262,2015,913.998,DJI
Djibouti,262,2020,988.002,DJI
Eritrea,232,1990,2258.649,ERI
Eritrea,232,1995,2204.227,ERI
Eritrea,232,2000,2292.413,ERI
Eritrea,232,2005,2826.653,ERI
Eritrea,232,2010,3170.437,ERI
Eritrea,232,2015,3342.818,ERI
Eritrea,232,2020,3546.427,ERI
Ethiopia,231,1990,47887.864,ETH
Ethiopia,231,1995,57047.906,ETH
Ethiopia,231,2000,66224.809,ETH
Ethiopia,231,2005,76346.31,ETH
Ethiopia,231,2010,87639.962,ETH
Ethiopia,231,2015,100835.453,ETH
Ethiopia,231,2020,114963.583,ETH
Kenya,404,1990,23724.574,KEN
Kenya,404,1995,27768.297,KEN
Kenya,404,2000,31964.557,KEN
Kenya,404,2005,36624.897,KEN
Kenya,404,2010,42030.684,KEN
Kenya,404,2015,47878.339,KEN
Kenya,404,2020,53771.3,KEN
Madagascar,450,1990,11598.647,MDG
Madagascar,450,1995,13475.403,MDG
Madagascar,450,2000,15766.806,MDG
Madagascar,450,2005,18336.722,MDG
Madagascar,450,2010,21151.64,MDG
Madagascar,450,2015,24234.08,MDG
Madagascar,450,2020,27691.019,MDG
Malawi,454,1990,9404.499,MWI
Malawi,454,1995,9844.418,MWI
Malawi,454,2000,11148.751,MWI
Malawi,454,2005,12625.95,MWI
Malawi,454,2010,14539.609,MWI
Malawi,454,2015,16745.305,MWI
Malawi,454,2020,19129.955,MWI
Mauritius*,480,1990,1055.869,MUS
Mauritius*,480,1995,1128.676,MUS
Mauritius*,480,2000,1185.147,MUS
Mauritius*,480,2005,1222.01,MUS
Mauritius*,480,2010,1247.953,MUS
Mauritius*,480,2015,1259.457,MUS
Mauritius*,480,2020,1271.767,MUS
Mayotte*,175,1990,94.779,MYT
Mayotte*,175,1995,123.186,MYT
Mayotte*,175,2000,150.331,MYT
Mayotte*,175,2005,178.103,MYT
Mayotte*,175,2010,208.716,MYT
Mayotte*,175,2015,240.011,MYT
Mayotte*,175,2020,272.813,MYT
Mozambique,508,1990,12987.292,MOZ
Mozambique,508,1995,15483.277,MOZ
Mozambique,508,2000,17711.925,MOZ
Mozambique,508,2005,20493.927,MOZ
Mozambique,508,2010,23531.567,MOZ
Mozambique,508,2015,27042.001,MOZ
Mozambique,508,2020,31255.435,MOZ
Réunion*,638,1990,610.584,REU
Réunion*,638,1995,673.543,REU
Réunion*,638,2000,736.714,REU
Réunion*,638,2005,791.598,REU
Réunion*,638,2010,830.507,REU
Réunion*,638,2015,863.359,REU
Réunion*,638,2020,895.308,REU
Rwanda,646,1990,7288.883,RWA
Rwanda,646,1995,5836.49,RWA
Rwanda,646,2000,7933.688,RWA
Rwanda,646,2005,8840.22,RWA
Rwanda,646,2010,10039.338,RWA
Rwanda,646,2015,11369.066,RWA
Rwanda,646,2020,12952.209,RWA
Seychelles,690,1990,70.572,SYC
Seychelles,690,1995,76.653,SYC
Seychelles,690,2000,80.998,SYC
Seychelles,690,2005,88.652,SYC
Seychelles,690,2010,91.273,SYC
Seychelles,690,2015,94.981,SYC
Seychelles,690,2020,98.34,SYC
Somalia,706,1990,7225.089,SOM
Somalia,706,1995,7491.647,SOM
Somalia,706,2000,8872.25,SOM
Somalia,706,2005,10446.856,SOM
Somalia,706,2010,12043.886,SOM
Somalia,706,2015,13797.204,SOM
Somalia,706,2020,15893.219,SOM
South Sudan,728,1990,5492.62,SSD
South Sudan,728,1995,5118.084,SSD
South Sudan,728,2000,6199.396,SSD
South Sudan,728,2005,7535.931,SSD
South Sudan,728,2010,9508.372,SSD
South Sudan,728,2015,10715.657,SSD
South Sudan,728,2020,11193.729,SSD
Uganda,800,1990,17354.395,UGA
Uganda,800,1995,20413.157,UGA
Uganda,800,2000,23650.159,UGA
Uganda,800,2005,27684.59,UGA
Uganda,800,2010,32428.164,UGA
Uganda,800,2015,38225.447,UGA
Uganda,800,2020,45741,UGA
United Republic of Tanzania*,834,1990,25203.848,TZA
United Republic of Tanzania*,834,1995,29649.128,TZA
United Republic of Tanzania*,834,2000,33499.177,TZA
United Republic of Tanzania*,834,2005,38450.323,TZA
United Republic of Tanzania*,834,2010,44346.532,TZA
United Republic of Tanzania*,834,2015,51482.638,TZA
United Republic of Tanzania*,834,2020,59734.213,TZA
Zambia,894,1990,8036.849,ZMB
Zambia,894,1995,9096.608,ZMB
Zambia,894,2000,10415.942,ZMB
Zambia,894,2005,11856.244,ZMB
Zambia,894,2010,13605.986,ZMB
Zambia,894,2015,15879.37,ZMB
Zambia,894,2020,18383.956,ZMB
Zimbabwe,716,1990,10432.409,ZWE
Zimbabwe,716,1995,11410.721,ZWE
Zimbabwe,716,2000,11881.482,ZWE
Zimbabwe,716,2005,12076.697,ZWE
Zimbabwe,716,2010,12697.728,ZWE
Zimbabwe,716,2015,13814.642,ZWE
Zimbabwe,716,2020,14862.927,ZWE
Middle Africa,911,1990,70855.116,NA
Middle Africa,911,1995,83775.179,NA
Middle Africa,911,2000,96115.549,NA
Middle Africa,911,2005,112008.24,NA
Middle Africa,911,2010,131622.131,NA
Middle Africa,911,2015,154203.227,NA
Middle Africa,911,2020,179595.125,NA
Angola,24,1990,11848.385,AGO
Angola,24,1995,13945.205,AGO
Angola,24,2000,16395.477,AGO
Angola,24,2005,19433.604,AGO
Angola,24,2010,23356.247,AGO
Angola,24,2015,27884.38,AGO
Angola,24,2020,32866.268,AGO
Cameroon,120,1990,11780.086,CMR
Cameroon,120,1995,13599.984,CMR
Cameroon,120,2000,15513.944,CMR
Cameroon,120,2005,17733.408,CMR
Cameroon,120,2010,20341.236,CMR
Cameroon,120,2015,23298.376,CMR
Cameroon,120,2020,26545.864,CMR
Central African Republic,140,1990,2806.74,CAF
Central African Republic,140,1995,3222.662,CAF
Central African Republic,140,2000,3640.421,CAF
Central African Republic,140,2005,4038.38,CAF
Central African Republic,140,2010,4386.765,CAF
Central African Republic,140,2015,4493.171,CAF
Central African Republic,140,2020,4829.764,CAF
Chad,148,1990,5963.25,TCD
Chad,148,1995,7010.159,TCD
Chad,148,2000,8355.654,TCD
Chad,148,2005,10096.63,TCD
Chad,148,2010,11952.134,TCD
Chad,148,2015,14110.971,TCD
Chad,148,2020,16425.859,TCD
Congo,178,1990,2356.74,COG
Congo,178,1995,2707.532,COG
Congo,178,2000,3127.42,COG
Congo,178,2005,3622.775,COG
Congo,178,2010,4273.738,COG
Congo,178,2015,4856.093,COG
Congo,178,2020,5518.092,COG
Democratic Republic of the Congo,180,1990,34612.023,COD
Democratic Republic of the Congo,180,1995,41576.239,COD
Democratic Republic of the Congo,180,2000,47105.83,COD
Democratic Republic of the Congo,180,2005,54785.894,COD
Democratic Republic of the Congo,180,2010,64563.853,COD
Democratic Republic of the Congo,180,2015,76244.532,COD
Democratic Republic of the Congo,180,2020,89561.404,COD
Equatorial Guinea,226,1990,419.188,GNQ
Equatorial Guinea,226,1995,496.768,GNQ
Equatorial Guinea,226,2000,606.18,GNQ
Equatorial Guinea,226,2005,749.527,GNQ
Equatorial Guinea,226,2010,943.64,GNQ
Equatorial Guinea,226,2015,1168.575,GNQ
Equatorial Guinea,226,2020,1402.985,GNQ
Gabon,266,1990,949.493,GAB
Gabon,266,1995,1084.951,GAB
Gabon,266,2000,1228.359,GAB
Gabon,266,2005,1390.55,GAB
Gabon,266,2010,1624.146,GAB
Gabon,266,2015,1947.69,GAB
Gabon,266,2020,2225.728,GAB
Sao Tome and Principe,678,1990,119.211,STP
Sao Tome and Principe,678,1995,131.679,STP
Sao Tome and Principe,678,2000,142.264,STP
Sao Tome and Principe,678,2005,157.472,STP
Sao Tome and Principe,678,2010,180.372,STP
Sao Tome and Principe,678,2015,199.439,STP
Sao Tome and Principe,678,2020,219.161,STP
Northern Africa,912,1990,139744.833,NA
Northern Africa,912,1995,156510.64,NA
Northern Africa,912,2000,171322.846,NA
Northern Africa,912,2005,186421.282,NA
Northern Africa,912,2010,202940.273,NA
Northern Africa,912,2015,223861.602,NA
Northern Africa,912,2020,246232.508,NA
Algeria,12,1990,25758.872,DZA
Algeria,12,1995,28757.788,DZA
Algeria,12,2000,31042.238,DZA
Algeria,12,2005,33149.72,DZA
Algeria,12,2010,35977.451,DZA
Algeria,12,2015,39728.02,DZA
Algeria,12,2020,43851.043,DZA
Egypt,818,1990,56134.478,EGY
Egypt,818,1995,62334.025,EGY
Egypt,818,2000,68831.561,EGY
Egypt,818,2005,75523.576,EGY
Egypt,818,2010,82761.244,EGY
Egypt,818,2015,92442.549,EGY
Egypt,818,2020,102334.403,EGY
Libya,434,1990,4436.663,LBY
Libya,434,1995,4948.796,LBY
Libya,434,2000,5357.893,LBY
Libya,434,2005,5798.615,LBY
Libya,434,2010,6197.667,LBY
Libya,434,2015,6418.315,LBY
Libya,434,2020,6871.287,LBY
Morocco,504,1990,24807.461,MAR
Morocco,504,1995,26994.255,MAR
Morocco,504,2000,28793.672,MAR
Morocco,504,2005,30455.563,MAR
Morocco,504,2010,32343.384,MAR
Morocco,504,2015,34663.608,MAR
Morocco,504,2020,36910.558,MAR
Sudan,729,1990,20147.592,SDN
Sudan,729,1995,24094.741,SDN
Sudan,729,2000,27275.019,SDN
Sudan,729,2005,30949.514,SDN
Sudan,729,2010,34545.014,SDN
Sudan,729,2015,38902.948,SDN
Sudan,729,2020,43849.269,SDN
Tunisia,788,1990,8242.509,TUN
Tunisia,788,1995,9125.4,TUN
Tunisia,788,2000,9708.347,TUN
Tunisia,788,2005,10106.778,TUN
Tunisia,788,2010,10635.245,TUN
Tunisia,788,2015,11179.951,TUN
Tunisia,788,2020,11818.618,TUN
Western Sahara,732,1990,217.258,ESH
Western Sahara,732,1995,255.635,ESH
Western Sahara,732,2000,314.116,ESH
Western Sahara,732,2005,437.516,ESH
Western Sahara,732,2010,480.268,ESH
Western Sahara,732,2015,526.211,ESH
Western Sahara,732,2020,597.33,ESH
Southern Africa,913,1990,42046.342,NA
Southern Africa,913,1995,47358.234,NA
Southern Africa,913,2000,51443.866,NA
Southern Africa,913,2005,54644.678,NA
Southern Africa,913,2010,58383.366,NA
Southern Africa,913,2015,62985.035,NA
Southern Africa,913,2020,67503.647,NA
Botswana,72,1990,1286.756,BWA
Botswana,72,1995,1469.173,BWA
Botswana,72,2000,1643.333,BWA
Botswana,72,2005,1799.077,BWA
Botswana,72,2010,1987.106,BWA
Botswana,72,2015,2120.716,BWA
Botswana,72,2020,2351.625,BWA
Eswatini,748,1990,822.423,SWZ
Eswatini,748,1995,926.836,SWZ
Eswatini,748,2000,1005.432,SWZ
Eswatini,748,2005,1030.575,SWZ
Eswatini,748,2010,1064.841,SWZ
Eswatini,748,2015,1104.038,SWZ
Eswatini,748,2020,1160.164,SWZ
Lesotho,426,1990,1703.757,LSO
Lesotho,426,1995,1898.598,LSO
Lesotho,426,2000,2032.805,LSO
Lesotho,426,2005,1996.115,LSO
Lesotho,426,2010,1995.575,LSO
Lesotho,426,2015,2059.011,LSO
Lesotho,426,2020,2142.252,LSO
Namibia,516,1990,1432.899,NAM
Namibia,516,1995,1627.866,NAM
Namibia,516,2000,1794.583,NAM
Namibia,516,2005,1938.316,NAM
Namibia,516,2010,2118.877,NAM
Namibia,516,2015,2314.901,NAM
Namibia,516,2020,2540.916,NAM
South Africa,710,1990,36800.507,ZAF
South Africa,710,1995,41435.761,ZAF
South Africa,710,2000,44967.713,ZAF
South Africa,710,2005,47880.595,ZAF
South Africa,710,2010,51216.967,ZAF
South Africa,710,2015,55386.369,ZAF
South Africa,710,2020,59308.69,ZAF
Western Africa,914,1990,180535.022,NA
Western Africa,914,1995,205691.815,NA
Western Africa,914,2000,234748.62,NA
Western Africa,914,2005,267894.672,NA
Western Africa,914,2010,307040.41,NA
Western Africa,914,2015,351717.644,NA
Western Africa,914,2020,401861.255,NA
Benin,204,1990,4978.489,BEN
Benin,204,1995,5905.552,BEN
Benin,204,2000,6865.946,BEN
Benin,204,2005,7982.223,BEN
Benin,204,2010,9199.254,BEN
Benin,204,2015,10575.962,BEN
Benin,204,2020,12123.198,BEN
Burkina Faso,854,1990,8811.033,BFA
Burkina Faso,854,1995,10089.88,BFA
Burkina Faso,854,2000,11607.951,BFA
Burkina Faso,854,2005,13421.935,BFA
Burkina Faso,854,2010,15605.211,BFA
Burkina Faso,854,2015,18110.616,BFA
Burkina Faso,854,2020,20903.278,BFA
Cabo Verde,132,1990,337.953,CPV
Cabo Verde,132,1995,386.288,CPV
Cabo Verde,132,2000,428.178,CPV
Cabo Verde,132,2005,463.034,CPV
Cabo Verde,132,2010,492.644,CPV
Cabo Verde,132,2015,524.74,CPV
Cabo Verde,132,2020,555.988,CPV
Côte d'Ivoire,384,1990,11924.873,CIV
Côte d'Ivoire,384,1995,14199.759,CIV
Côte d'Ivoire,384,2000,16454.66,CIV
Côte d'Ivoire,384,2005,18354.513,CIV
Côte d'Ivoire,384,2010,20532.944,CIV
Côte d'Ivoire,384,2015,23226.148,CIV
Côte d'Ivoire,384,2020,26378.275,CIV
Gambia,270,1990,955.595,GMB
Gambia,270,1995,1128.577,GMB
Gambia,270,2000,1317.708,GMB
Gambia,270,2005,1543.745,GMB
Gambia,270,2010,1793.199,GMB
Gambia,270,2015,2085.86,GMB
Gambia,270,2020,2416.664,GMB
Ghana,288,1990,14773.274,GHA
Ghana,288,1995,17014.058,GHA
Ghana,288,2000,19278.85,GHA
Ghana,288,2005,21814.648,GHA
Ghana,288,2010,24779.614,GHA
Ghana,288,2015,27849.203,GHA
Ghana,288,2020,31072.945,GHA
Guinea,324,1990,6352.282,GIN
Guinea,324,1995,7269.631,GIN
Guinea,324,2000,8240.735,GIN
Guinea,324,2005,9109.585,GIN
Guinea,324,2010,10192.168,GIN
Guinea,324,2015,11432.096,GIN
Guinea,324,2020,13132.792,GIN
Guinea-Bissau,624,1990,975.265,GNB
Guinea-Bissau,624,1995,1088.85,GNB
Guinea-Bissau,624,2000,1201.305,GNB
Guinea-Bissau,624,2005,1344.931,GNB
Guinea-Bissau,624,2010,1522.603,GNB
Guinea-Bissau,624,2015,1737.207,GNB
Guinea-Bissau,624,2020,1967.998,GNB
Liberia,430,1990,2075.917,LBR
Liberia,430,1995,2044.657,LBR
Liberia,430,2000,2848.447,LBR
Liberia,430,2005,3218.114,LBR
Liberia,430,2010,3891.357,LBR
Liberia,430,2015,4472.229,LBR
Liberia,430,2020,5057.677,LBR
Mali,466,1990,8449.915,MLI
Mali,466,1995,9585.66,MLI
Mali,466,2000,10946.448,MLI
Mali,466,2005,12775.509,MLI
Mali,466,2010,15049.352,MLI
Mali,466,2015,17438.772,MLI
Mali,466,2020,20250.834,MLI
Mauritania,478,1990,2034.347,MRT
Mauritania,478,1995,2313.63,MRT
Mauritania,478,2000,2630.217,MRT
Mauritania,478,2005,3024.198,MRT
Mauritania,478,2010,3494.2,MRT
Mauritania,478,2015,4046.304,MRT
Mauritania,478,2020,4649.66,MRT
Niger,562,1990,8026.592,NER
Niger,562,1995,9490.289,NER
Niger,562,2000,11331.561,NER
Niger,562,2005,13624.474,NER
Niger,562,2010,16464.025,NER
Niger,562,2015,20001.663,NER
Niger,562,2020,24206.636,NER
Nigeria,566,1990,95212.454,NGA
Nigeria,566,1995,107948.339,NGA
Nigeria,566,2000,122283.853,NGA
Nigeria,566,2005,138865.014,NGA
Nigeria,566,2010,158503.203,NGA
Nigeria,566,2015,181137.454,NGA
Nigeria,566,2020,206139.587,NGA
Saint Helena*,654,1990,6.654,SHN
Saint Helena*,654,1995,6.244,SHN
Saint Helena*,654,2000,6.054,SHN
Saint Helena*,654,2005,5.354,SHN
Saint Helena*,654,2010,5.183,SHN
Saint Helena*,654,2015,5.869,SHN
Saint Helena*,654,2020,6.071,SHN
Senegal,686,1990,7526.306,SEN
Senegal,686,1995,8690.155,SEN
Senegal,686,2000,9797.731,SEN
Senegal,686,2005,11090.123,SEN
Senegal,686,2010,12678.143,SEN
Senegal,686,2015,14578.45,SEN
Senegal,686,2020,16743.93,SEN
Sierra Leone,694,1990,4319.763,SLE
Sierra Leone,694,1995,4303.953,SLE
Sierra Leone,694,2000,4584.57,SLE
Sierra Leone,694,2005,5645.629,SLE
Sierra Leone,694,2010,6415.636,SLE
Sierra Leone,694,2015,7171.909,SLE
Sierra Leone,694,2020,7976.985,SLE
Togo,768,1990,3774.31,TGO
Togo,768,1995,4226.293,TGO
Togo,768,2000,4924.406,TGO
Togo,768,2005,5611.643,TGO
Togo,768,2010,6421.674,TGO
Togo,768,2015,7323.162,TGO
Togo,768,2020,8278.737,TGO
ASIA,935,1990,3226098.922,NA
ASIA,935,1995,3493086.998,NA
ASIA,935,2000,3741263.352,NA
ASIA,935,2005,3977986.452,NA
ASIA,935,2010,4209593.724,NA
ASIA,935,2015,4433475.322,NA
ASIA,935,2020,4641054.786,NA
Central Asia,5500,1990,50122.902,NA
Central Asia,5500,1995,53169.133,NA
Central Asia,5500,2000,55345.848,NA
Central Asia,5500,2005,58449.898,NA
Central Asia,5500,2010,62805.087,NA
Central Asia,5500,2015,68479.994,NA
Central Asia,5500,2020,74338.926,NA
Kazakhstan,398,1990,16383.881,KAZ
Kazakhstan,398,1995,15839.357,KAZ
Kazakhstan,398,2000,14922.724,KAZ
Kazakhstan,398,2005,15402.803,KAZ
Kazakhstan,398,2010,16252.273,KAZ
Kazakhstan,398,2015,17572.01,KAZ
Kazakhstan,398,2020,18776.707,KAZ
Kyrgyzstan,417,1990,4372.885,KGZ
Kyrgyzstan,417,1995,4566.096,KGZ
Kyrgyzstan,417,2000,4920.712,KGZ
Kyrgyzstan,417,2005,5075.34,KGZ
Kyrgyzstan,417,2010,5422.298,KGZ
Kyrgyzstan,417,2015,5959.126,KGZ
Kyrgyzstan,417,2020,6524.191,KGZ
Tajikistan,762,1990,5283.811,TJK
Tajikistan,762,1995,5764.806,TJK
Tajikistan,762,2000,6216.329,TJK
Tajikistan,762,2005,6789.318,TJK
Tajikistan,762,2010,7527.397,TJK
Tajikistan,762,2015,8454.019,TJK
Tajikistan,762,2020,9537.642,TJK
Turkmenistan,795,1990,3683.978,TKM
Turkmenistan,795,1995,4207.841,TKM
Turkmenistan,795,2000,4516.128,TKM
Turkmenistan,795,2005,4754.652,TKM
Turkmenistan,795,2010,5087.211,TKM
Turkmenistan,795,2015,5565.283,TKM
Turkmenistan,795,2020,6031.187,TKM
Uzbekistan,860,1990,20398.347,UZB
Uzbekistan,860,1995,22791.033,UZB
Uzbekistan,860,2000,24769.955,UZB
Uzbekistan,860,2005,26427.785,UZB
Uzbekistan,860,2010,28515.908,UZB
Uzbekistan,860,2015,30929.556,UZB
Uzbekistan,860,2020,33469.199,UZB
Eastern Asia,906,1990,1393334.81,NA
Eastern Asia,906,1995,1464564.639,NA
Eastern Asia,906,2000,1519781.295,NA
Eastern Asia,906,2005,1564192.321,NA
Eastern Asia,906,2010,1604859.428,NA
Eastern Asia,906,2015,1645183.917,NA
Eastern Asia,906,2020,1678089.627,NA
China*,156,1990,1176883.681,CHN
China*,156,1995,1240920.539,CHN
China*,156,2000,1290550.767,CHN
China*,156,2005,1330776.38,CHN
China*,156,2010,1368810.604,CHN
China*,156,2015,1406847.868,CHN
China*,156,2020,1439323.774,CHN
"China, Hong Kong SAR*",344,1990,5727.942,HKG
"China, Hong Kong SAR*",344,1995,6084.234,HKG
"China, Hong Kong SAR*",344,2000,6606.328,HKG
"China, Hong Kong SAR*",344,2005,6769.579,HKG
"China, Hong Kong SAR*",344,2010,6966.324,HKG
"China, Hong Kong SAR*",344,2015,7185.992,HKG
"China, Hong Kong SAR*",344,2020,7496.988,HKG
"China, Macao SAR*",446,1990,343.816,MAC
"China, Macao SAR*",446,1995,385.517,MAC
"China, Macao SAR*",446,2000,427.772,MAC
"China, Macao SAR*",446,2005,482.863,MAC
"China, Macao SAR*",446,2010,538.215,MAC
"China, Macao SAR*",446,2015,602.093,MAC
"China, Macao SAR*",446,2020,649.342,MAC
"China, Taiwan Province of China*",158,1990,20478.516,TWN
"China, Taiwan Province of China*",158,1995,21356.025,TWN
"China, Taiwan Province of China*",158,2000,21966.528,TWN
"China, Taiwan Province of China*",158,2005,22705.719,TWN
"China, Taiwan Province of China*",158,2010,23187.556,TWN
"China, Taiwan Province of China*",158,2015,23557.473,TWN
"China, Taiwan Province of China*",158,2020,23816.775,TWN
Dem. People's Republic of Korea,408,1990,20293.057,PRK
Dem. People's Republic of Korea,408,1995,21862.3,PRK
Dem. People's Republic of Korea,408,2000,22929.078,PRK
Dem. People's Republic of Korea,408,2005,23904.167,PRK
Dem. People's Republic of Korea,408,2010,24548.84,PRK
Dem. People's Republic of Korea,408,2015,25183.832,PRK
Dem. People's Republic of Korea,408,2020,25778.815,PRK
Japan,392,1990,124505.243,JPN
Japan,392,1995,126365.486,JPN
Japan,392,2000,127524.168,JPN
Japan,392,2005,128326.115,JPN
Japan,392,2010,128542.349,JPN
Japan,392,2015,127985.139,JPN
Japan,392,2020,126476.458,JPN
Mongolia,496,1990,2184.139,MNG
Mongolia,496,1995,2298.017,MNG
Mongolia,496,2000,2397.417,MNG
Mongolia,496,2005,2526.429,MNG
Mongolia,496,2010,2719.902,MNG
Mongolia,496,2015,2998.433,MNG
Mongolia,496,2020,3278.292,MNG
Republic of Korea,410,1990,42918.416,KOR
Republic of Korea,410,1995,45292.521,KOR
Republic of Korea,410,2000,47379.237,KOR
Republic of Korea,410,2005,48701.069,KOR
Republic of Korea,410,2010,49545.638,KOR
Republic of Korea,410,2015,50823.087,KOR
Republic of Korea,410,2020,51269.183,KOR
South-Eastern Asia,920,1990,444464.194,NA
South-Eastern Asia,920,1995,485655.311,NA
South-Eastern Asia,920,2000,525007.925,NA
South-Eastern Asia,920,2005,561156.081,NA
South-Eastern Asia,920,2010,596947.246,NA
South-Eastern Asia,920,2015,634305.699,NA
South-Eastern Asia,920,2020,668619.854,NA
Brunei Darussalam,96,1990,258.714,BRN
Brunei Darussalam,96,1995,297.112,BRN
Brunei Darussalam,96,2000,333.166,BRN
Brunei Darussalam,96,2005,365.112,BRN
Brunei Darussalam,96,2010,388.634,BRN
Brunei Darussalam,96,2015,414.914,BRN
Brunei Darussalam,96,2020,437.483,BRN
Cambodia,116,1990,8975.597,KHM
Cambodia,116,1995,10656.145,KHM
Cambodia,116,2000,12155.241,KHM
Cambodia,116,2005,13273.355,KHM
Cambodia,116,2010,14312.205,KHM
Cambodia,116,2015,15521.435,KHM
Cambodia,116,2020,16718.971,KHM
Indonesia,360,1990,181413.398,IDN
Indonesia,360,1995,196934.257,IDN
Indonesia,360,2000,211513.822,IDN
Indonesia,360,2005,226289.468,IDN
Indonesia,360,2010,241834.226,IDN
Indonesia,360,2015,258383.257,IDN
Indonesia,360,2020,273523.621,IDN
Lao People's Democratic Republic,418,1990,4258.471,LAO
Lao People's Democratic Republic,418,1995,4846.477,LAO
Lao People's Democratic Republic,418,2000,5323.701,LAO
Lao People's Democratic Republic,418,2005,5751.675,LAO
Lao People's Democratic Republic,418,2010,6249.168,LAO
Lao People's Democratic Republic,418,2015,6741.16,LAO
Lao People's Democratic Republic,418,2020,7275.556,LAO
Malaysia*,458,1990,18029.824,MYS
Malaysia*,458,1995,20487.604,MYS
Malaysia*,458,2000,23194.252,MYS
Malaysia*,458,2005,25690.615,MYS
Malaysia*,458,2010,28208.028,MYS
Malaysia*,458,2015,30270.965,MYS
Malaysia*,458,2020,32365.998,MYS
Myanmar,104,1990,41335.188,MMR
Myanmar,104,1995,43901.598,MMR
Myanmar,104,2000,46719.698,MMR
Myanmar,104,2005,48949.931,MMR
Myanmar,104,2010,50600.827,MMR
Myanmar,104,2015,52680.724,MMR
Myanmar,104,2020,54409.794,MMR
Philippines,608,1990,61895.169,PHL
Philippines,608,1995,69784.087,PHL
Philippines,608,2000,77991.757,PHL
Philippines,608,2005,86326.251,PHL
Philippines,608,2010,93966.784,PHL
Philippines,608,2015,102113.206,PHL
Philippines,608,2020,109581.085,PHL
Singapore,702,1990,3012.968,SGP
Singapore,702,1995,3525.964,SGP
Singapore,702,2000,4028.872,SGP
Singapore,702,2005,4265.693,SGP
Singapore,702,2010,5131.17,SGP
Singapore,702,2015,5592.143,SGP
Singapore,702,2020,5850.343,SGP
Thailand,764,1990,56558.196,THA
Thailand,764,1995,59467.272,THA
Thailand,764,2000,62952.639,THA
Thailand,764,2005,65416.189,THA
Thailand,764,2010,67195.032,THA
Thailand,764,2015,68714.519,THA
Thailand,764,2020,69799.978,THA
Timor-Leste,626,1990,737.814,TLS
Timor-Leste,626,1995,844.333,TLS
Timor-Leste,626,2000,884.366,TLS
Timor-Leste,626,2005,995.13,TLS
Timor-Leste,626,2010,1093.517,TLS
Timor-Leste,626,2015,1196.294,TLS
Timor-Leste,626,2020,1318.442,TLS
Viet Nam,704,1990,67988.855,VNM
Viet Nam,704,1995,74910.462,VNM
Viet Nam,704,2000,79910.411,VNM
Viet Nam,704,2005,83832.662,VNM
Viet Nam,704,2010,87967.655,VNM
Viet Nam,704,2015,92677.082,VNM
Viet Nam,704,2020,97338.583,VNM
Southern Asia,5501,1990,1189861.406,NA
Southern Asia,5501,1995,1323030.438,NA
Southern Asia,5501,2000,1456569.462,NA
Southern Asia,5501,2005,1588623.891,NA
Southern Asia,5501,2010,1712555.446,NA
Southern Asia,5501,2015,1827847.299,NA
Southern Asia,5501,2020,1940369.605,NA
Afghanistan,4,1990,12412.311,AFG
Afghanistan,4,1995,18110.662,AFG
Afghanistan,4,2000,20779.957,AFG
Afghanistan,4,2005,25654.274,AFG
Afghanistan,4,2010,29185.511,AFG
Afghanistan,4,2015,34413.603,AFG
Afghanistan,4,2020,38928.341,AFG
Bangladesh,50,1990,103171.957,BGD
Bangladesh,50,1995,115169.933,BGD
Bangladesh,50,2000,127657.862,BGD
Bangladesh,50,2005,139035.505,BGD
Bangladesh,50,2010,147575.433,BGD
Bangladesh,50,2015,156256.287,BGD
Bangladesh,50,2020,164689.383,BGD
Bhutan,64,1990,530.801,BTN
Bhutan,64,1995,534.629,BTN
Bhutan,64,2000,591.014,BTN
Bhutan,64,2005,648.744,BTN
Bhutan,64,2010,685.502,BTN
Bhutan,64,2015,727.885,BTN
Bhutan,64,2020,771.612,BTN
India,356,1990,873277.799,IND
India,356,1995,963922.586,IND
India,356,2000,1056575.548,IND
India,356,2005,1147609.924,IND
India,356,2010,1234281.163,IND
India,356,2015,1310152.392,IND
India,356,2020,1380004.385,IND
Iran (Islamic Republic of),364,1990,56366.212,IRN
Iran (Islamic Republic of),364,1995,61442.658,IRN
Iran (Islamic Republic of),364,2000,65623.397,IRN
Iran (Islamic Republic of),364,2005,69762.345,IRN
Iran (Islamic Republic of),364,2010,73762.519,IRN
Iran (Islamic Republic of),364,2015,78492.208,IRN
Iran (Islamic Republic of),364,2020,83992.953,IRN
Maldives,462,1990,223.159,MDV
Maldives,462,1995,254.144,MDV
Maldives,462,2000,279.396,MDV
Maldives,462,2005,319.604,MDV
Maldives,462,2010,365.73,MDV
Maldives,462,2015,454.914,MDV
Maldives,462,2020,540.542,MDV
Nepal,524,1990,18905.48,NPL
Nepal,524,1995,21576.074,NPL
Nepal,524,2000,23941.099,NPL
Nepal,524,2005,25744.5,NPL
Nepal,524,2010,27013.207,NPL
Nepal,524,2015,27015.033,NPL
Nepal,524,2020,29136.808,NPL
Pakistan,586,1990,107647.918,PAK
Pakistan,586,1995,123776.835,PAK
Pakistan,586,2000,142343.583,PAK
Pakistan,586,2005,160304.007,PAK
Pakistan,586,2010,179424.643,PAK
Pakistan,586,2015,199426.953,PAK
Pakistan,586,2020,220892.331,PAK
Sri Lanka,144,1990,17325.769,LKA
Sri Lanka,144,1995,18242.917,LKA
Sri Lanka,144,2000,18777.606,LKA
Sri Lanka,144,2005,19544.988,LKA
Sri Lanka,144,2010,20261.738,LKA
Sri Lanka,144,2015,20908.024,LKA
Sri Lanka,144,2020,21413.25,LKA
Western Asia,922,1990,148315.61,NA
Western Asia,922,1995,166667.477,NA
Western Asia,922,2000,184558.822,NA
Western Asia,922,2005,205564.261,NA
Western Asia,922,2010,232426.517,NA
Western Asia,922,2015,257658.413,NA
Western Asia,922,2020,279636.774,NA
Armenia,51,1990,3538.164,ARM
Armenia,51,1995,3217.349,ARM
Armenia,51,2000,3069.597,ARM
Armenia,51,2005,2981.262,ARM
Armenia,51,2010,2877.314,ARM
Armenia,51,2015,2925.559,ARM
Armenia,51,2020,2963.234,ARM
Azerbaijan*,31,1990,7242.758,AZE
Azerbaijan*,31,1995,7775.418,AZE
Azerbaijan*,31,2000,8122.743,AZE
Azerbaijan*,31,2005,8538.61,AZE
Azerbaijan*,31,2010,9032.465,AZE
Azerbaijan*,31,2015,9622.741,AZE
Azerbaijan*,31,2020,10139.175,AZE
Bahrain,48,1990,495.927,BHR
Bahrain,48,1995,563.698,BHR
Bahrain,48,2000,664.61,BHR
Bahrain,48,2005,889.157,BHR
Bahrain,48,2010,1240.864,BHR
Bahrain,48,2015,1371.853,BHR
Bahrain,48,2020,1701.583,BHR
Cyprus*,196,1990,766.616,CYP
Cyprus*,196,1995,855.391,CYP
Cyprus*,196,2000,943.288,CYP
Cyprus*,196,2005,1027.657,CYP
Cyprus*,196,2010,1112.617,CYP
Cyprus*,196,2015,1160.987,CYP
Cyprus*,196,2020,1207.361,CYP
Georgia*,268,1990,5410.4,GEO
Georgia*,268,1995,4976.252,GEO
Georgia*,268,2000,4362.184,GEO
Georgia*,268,2005,4210.158,GEO
Georgia*,268,2010,4099.096,GEO
Georgia*,268,2015,4024.18,GEO
Georgia*,268,2020,3989.175,GEO
Iraq,368,1990,17419.113,IRQ
Iraq,368,1995,20149.342,IRQ
Iraq,368,2000,23497.589,IRQ
Iraq,368,2005,26922.279,IRQ
Iraq,368,2010,29741.977,IRQ
Iraq,368,2015,35572.269,IRQ
Iraq,368,2020,40222.503,IRQ
Israel,376,1990,4448.348,ISR
Israel,376,1995,5271.368,ISR
Israel,376,2000,5945.949,ISR
Israel,376,2005,6529.47,ISR
Israel,376,2010,7346.446,ISR
Israel,376,2015,7978.496,ISR
Israel,376,2020,8655.541,ISR
Jordan,400,1990,3565.888,JOR
Jordan,400,1995,4588.842,JOR
Jordan,400,2000,5122.495,JOR
Jordan,400,2005,5765.639,JOR
Jordan,400,2010,7261.541,JOR
Jordan,400,2015,9266.573,JOR
Jordan,400,2020,10203.14,JOR
Kuwait,414,1990,2095.35,KWT
Kuwait,414,1995,1605.907,KWT
Kuwait,414,2000,2045.123,KWT
Kuwait,414,2005,2270.196,KWT
Kuwait,414,2010,2991.884,KWT
Kuwait,414,2015,3835.588,KWT
Kuwait,414,2020,4270.563,KWT
Lebanon,422,1990,2803.032,LBN
Lebanon,422,1995,3528.379,LBN
Lebanon,422,2000,3842.774,LBN
Lebanon,422,2005,4698.761,LBN
Lebanon,422,2010,4953.064,LBN
Lebanon,422,2015,6532.681,LBN
Lebanon,422,2020,6825.442,LBN
Oman,512,1990,1812.158,OMN
Oman,512,1995,2204.267,OMN
Oman,512,2000,2267.973,OMN
Oman,512,2005,2511.254,OMN
Oman,512,2010,3041.435,OMN
Oman,512,2015,4267.341,OMN
Oman,512,2020,5106.622,OMN
Qatar,634,1990,476.275,QAT
Qatar,634,1995,513.447,QAT
Qatar,634,2000,592.467,QAT
Qatar,634,2005,865.41,QAT
Qatar,634,2010,1856.329,QAT
Qatar,634,2015,2565.708,QAT
Qatar,634,2020,2881.06,QAT
Saudi Arabia,682,1990,16233.786,SAU
Saudi Arabia,682,1995,18638.79,SAU
Saudi Arabia,682,2000,20663.84,SAU
Saudi Arabia,682,2005,23816.175,SAU
Saudi Arabia,682,2010,27421.468,SAU
Saudi Arabia,682,2015,31717.676,SAU
Saudi Arabia,682,2020,34813.867,SAU
State of Palestine*,275,1990,2101.445,PSE
State of Palestine*,275,1995,2618.671,PSE
State of Palestine*,275,2000,3224.009,PSE
State of Palestine*,275,2005,3577.956,PSE
State of Palestine*,275,2010,4055.632,PSE
State of Palestine*,275,2015,4529.16,PSE
State of Palestine*,275,2020,5101.416,PSE
Syrian Arab Republic,760,1990,12446.168,SYR
Syrian Arab Republic,760,1995,14345.491,SYR
Syrian Arab Republic,760,2000,16410.847,SYR
Syrian Arab Republic,760,2005,18361.178,SYR
Syrian Arab Republic,760,2010,21362.541,SYR
Syrian Arab Republic,760,2015,17997.411,SYR
Syrian Arab Republic,760,2020,17500.657,SYR
Turkey,792,1990,53921.758,TUR
Turkey,792,1995,58486.453,TUR
Turkey,792,2000,63240.196,TUR
Turkey,792,2005,67903.461,TUR
Turkey,792,2010,72326.992,TUR
Turkey,792,2015,78529.413,TUR
Turkey,792,2020,84339.067,TUR
United Arab Emirates,784,1990,1828.437,ARE
United Arab Emirates,784,1995,2415.099,ARE
United Arab Emirates,784,2000,3134.067,ARE
United Arab Emirates,784,2005,4588.222,ARE
United Arab Emirates,784,2010,8549.998,ARE
United Arab Emirates,784,2015,9262.896,ARE
United Arab Emirates,784,2020,9890.4,ARE
Yemen,887,1990,11709.987,YEM
Yemen,887,1995,14913.313,YEM
Yemen,887,2000,17409.071,YEM
Yemen,887,2005,20107.416,YEM
Yemen,887,2010,23154.854,YEM
Yemen,887,2015,26497.881,YEM
Yemen,887,2020,29825.968,YEM
EUROPE,908,1990,720858.411,NA
EUROPE,908,1995,726994.433,NA
EUROPE,908,2000,725558.028,NA
EUROPE,908,2005,729287.881,NA
EUROPE,908,2010,736412.998,NA
EUROPE,908,2015,743058.978,NA
EUROPE,908,2020,747636.045,NA
Eastern Europe,923,1990,309808.642,NA
Eastern Europe,923,1995,309435.124,NA
Eastern Europe,923,2000,303918.405,NA
Eastern Europe,923,2005,297500.556,NA
Eastern Europe,923,2010,294872.867,NA
Eastern Europe,923,2015,294390.75,NA
Eastern Europe,923,2020,293013.21,NA
Belarus,112,1990,10151.135,BLR
Belarus,112,1995,10077.606,BLR
Belarus,112,2000,9871.635,BLR
Belarus,112,2005,9562.083,BLR
Belarus,112,2010,9420.576,BLR
Belarus,112,2015,9439.424,BLR
Belarus,112,2020,9449.321,BLR
Bulgaria,100,1990,8841.466,BGR
Bulgaria,100,1995,8379.305,BGR
Bulgaria,100,2000,7997.951,BGR
Bulgaria,100,2005,7686.964,BGR
Bulgaria,100,2010,7425.011,BGR
Bulgaria,100,2015,7199.739,BGR
Bulgaria,100,2020,6948.445,BGR
Czechia,203,1990,10340.877,CZE
Czechia,203,1995,10358.19,CZE
Czechia,203,2000,10289.374,CZE
Czechia,203,2005,10258.165,CZE
Czechia,203,2010,10536.514,CZE
Czechia,203,2015,10601.39,CZE
Czechia,203,2020,10708.982,CZE
Hungary,348,1990,10377.135,HUN
Hungary,348,1995,10349.308,HUN
Hungary,348,2000,10220.509,HUN
Hungary,348,2005,10085.942,HUN
Hungary,348,2010,9927.38,HUN
Hungary,348,2015,9777.925,HUN
Hungary,348,2020,9660.35,HUN
Poland,616,1990,37960.193,POL
Poland,616,1995,38458.642,POL
Poland,616,2000,38556.699,POL
Poland,616,2005,38368.957,POL
Poland,616,2010,38329.784,POL
Poland,616,2015,38034.076,POL
Poland,616,2020,37846.605,POL
Republic of Moldova*,498,1990,4365.562,MDA
Republic of Moldova*,498,1995,4340.602,MDA
Republic of Moldova*,498,2000,4202.659,MDA
Republic of Moldova*,498,2005,4159.296,MDA
Republic of Moldova*,498,2010,4086.09,MDA
Republic of Moldova*,498,2015,4070.705,MDA
Republic of Moldova*,498,2020,4033.963,MDA
Romania,642,1990,23489.156,ROU
Romania,642,1995,22964.747,ROU
Romania,642,2000,22137.423,ROU
Romania,642,2005,21417.287,ROU
Romania,642,2010,20471.86,ROU
Romania,642,2015,19925.182,ROU
Romania,642,2020,19237.682,ROU
Russian Federation,643,1990,147531.562,RUS
Russian Federation,643,1995,148227.471,RUS
Russian Federation,643,2000,146404.89,RUS
Russian Federation,643,2005,143672.125,RUS
Russian Federation,643,2010,143479.273,RUS
Russian Federation,643,2015,144985.059,RUS
Russian Federation,643,2020,145934.46,RUS
Slovakia,703,1990,5288.455,SVK
Slovakia,703,1995,5375.47,SVK
Slovakia,703,2000,5399.207,SVK
Slovakia,703,2005,5398.962,SVK
Slovakia,703,2010,5404.293,SVK
Slovakia,703,2015,5435.614,SVK
Slovakia,703,2020,5459.643,SVK
Ukraine*,804,1990,51463.101,UKR
Ukraine*,804,1995,50903.783,UKR
Ukraine*,804,2000,48838.058,UKR
Ukraine*,804,2005,46890.775,UKR
Ukraine*,804,2010,45792.086,UKR
Ukraine*,804,2015,44921.636,UKR
Ukraine*,804,2020,43733.759,UKR
Northern Europe,924,1990,92036.273,NA
Northern Europe,924,1995,93176.744,NA
Northern Europe,924,2000,94454.223,NA
Northern Europe,924,2005,96307.37,NA
Northern Europe,924,2010,100398.301,NA
Northern Europe,924,2015,103518.956,NA
Northern Europe,924,2020,106261.271,NA
Channel Islands*,830,1990,140.677,NA
Channel Islands*,830,1995,143.48,NA
Channel Islands*,830,2000,148.439,NA
Channel Islands*,830,2005,151.674,NA
Channel Islands*,830,2010,159.718,NA
Channel Islands*,830,2015,165.387,NA
Channel Islands*,830,2020,173.859,NA
Denmark*,208,1990,5141.117,DNK
Denmark*,208,1995,5232.709,DNK
Denmark*,208,2000,5341.192,DNK
Denmark*,208,2005,5421.701,DNK
Denmark*,208,2010,5554.849,DNK
Denmark*,208,2015,5688.695,DNK
Denmark*,208,2020,5792.203,DNK
Estonia,233,1990,1565.246,EST
Estonia,233,1995,1433.026,EST
Estonia,233,2000,1399.111,EST
Estonia,233,2005,1355.65,EST
Estonia,233,2010,1332.103,EST
Estonia,233,2015,1315.33,EST
Estonia,233,2020,1326.539,EST
Faroe Islands*,234,1990,47.276,FRO
Faroe Islands*,234,1995,45.625,FRO
Faroe Islands*,234,2000,46.738,FRO
Faroe Islands*,234,2005,47.731,FRO
Faroe Islands*,234,2010,47.803,FRO
Faroe Islands*,234,2015,48.055,FRO
Faroe Islands*,234,2020,48.865,FRO
Finland*,246,1990,4996.22,FIN
Finland*,246,1995,5119.012,FIN
Finland*,246,2000,5187.953,FIN
Finland*,246,2005,5258.933,FIN
Finland*,246,2010,5365.784,FIN
Finland*,246,2015,5481.128,FIN
Finland*,246,2020,5540.718,FIN
Iceland,352,1990,255.044,ISL
Iceland,352,1995,267.627,ISL
Iceland,352,2000,280.439,ISL
Iceland,352,2005,294.976,ISL
Iceland,352,2010,320.342,ISL
Iceland,352,2015,330.237,ISL
Iceland,352,2020,341.25,ISL
Ireland,372,1990,3510.881,IRL
Ireland,372,1995,3592.18,IRL
Ireland,372,2000,3783.095,IRL
Ireland,372,2005,4141.218,IRL
Ireland,372,2010,4554.33,IRL
Ireland,372,2015,4652.42,IRL
Ireland,372,2020,4937.796,IRL
Isle of Man*,833,1990,70.292,IMN
Isle of Man*,833,1995,72.133,IMN
Isle of Man*,833,2000,76.942,IMN
Isle of Man*,833,2005,80.293,IMN
Isle of Man*,833,2010,84.856,IMN
Isle of Man*,833,2015,83.232,IMN
Isle of Man*,833,2020,85.032,IMN
Latvia,428,1990,2664.447,LVA
Latvia,428,1995,2508.476,LVA
Latvia,428,2000,2384.15,LVA
Latvia,428,2005,2251.996,LVA
Latvia,428,2010,2118.855,LVA
Latvia,428,2015,1997.675,LVA
Latvia,428,2020,1886.202,LVA
Lithuania,440,1990,3696.035,LTU
Lithuania,440,1995,3626.609,LTU
Lithuania,440,2000,3501.842,LTU
Lithuania,440,2005,3344.259,LTU
Lithuania,440,2010,3123.825,LTU
Lithuania,440,2015,2931.872,LTU
Lithuania,440,2020,2722.291,LTU
Norway*,578,1990,4247.286,NOR
Norway*,578,1995,4366.996,NOR
Norway*,578,2000,4499.375,NOR
Norway*,578,2005,4632.359,NOR
Norway*,578,2010,4885.878,NOR
Norway*,578,2015,5199.827,NOR
Norway*,578,2020,5421.242,NOR
Sweden,752,1990,8567.375,SWE
Sweden,752,1995,8836.421,SWE
Sweden,752,2000,8881.642,SWE
Sweden,752,2005,9038.627,SWE
Sweden,752,2010,9390.157,SWE
Sweden,752,2015,9764.949,SWE
Sweden,752,2020,10099.27,SWE
United Kingdom*,826,1990,57134.377,GBR
United Kingdom*,826,1995,57932.45,GBR
United Kingdom*,826,2000,58923.305,GBR
United Kingdom*,826,2005,60287.953,GBR
United Kingdom*,826,2010,63459.801,GBR
United Kingdom*,826,2015,65860.149,GBR
United Kingdom*,826,2020,67886.004,GBR
Southern Europe,925,1990,143503.834,NA
Southern Europe,925,1995,144332.477,NA
Southern Europe,925,2000,144846.713,NA
Southern Europe,925,2005,149676.168,NA
Southern Europe,925,2010,153015.518,NA
Southern Europe,925,2015,153064.873,NA
Southern Europe,925,2020,152215.243,NA
Albania,8,1990,3286.07,ALB
Albania,8,1995,3112.923,ALB
Albania,8,2000,3129.246,ALB
Albania,8,2005,3086.81,ALB
Albania,8,2010,2948.029,ALB
Albania,8,2015,2890.524,ALB
Albania,8,2020,2877.8,ALB
Andorra,20,1990,54.508,AND
Andorra,20,1995,63.86,AND
Andorra,20,2000,65.39,AND
Andorra,20,2005,78.871,AND
Andorra,20,2010,84.454,AND
Andorra,20,2015,77.993,AND
Andorra,20,2020,77.265,AND
Bosnia and Herzegovina,70,1990,4463.422,BIH
Bosnia and Herzegovina,70,1995,3829.049,BIH
Bosnia and Herzegovina,70,2000,3751.176,BIH
Bosnia and Herzegovina,70,2005,3765.332,BIH
Bosnia and Herzegovina,70,2010,3705.478,BIH
Bosnia and Herzegovina,70,2015,3429.362,BIH
Bosnia and Herzegovina,70,2020,3280.815,BIH
Croatia,191,1990,4776.37,HRV
Croatia,191,1995,4616.763,HRV
Croatia,191,2000,4428.075,HRV
Croatia,191,2005,4378.066,HRV
Croatia,191,2010,4328.163,HRV
Croatia,191,2015,4232.874,HRV
Croatia,191,2020,4105.268,HRV
Gibraltar*,292,1990,29.149,GIB
Gibraltar*,292,1995,28.688,GIB
Gibraltar*,292,2000,31.081,GIB
Gibraltar*,292,2005,33.222,GIB
Gibraltar*,292,2010,33.585,GIB
Gibraltar*,292,2015,33.742,GIB
Gibraltar*,292,2020,33.691,GIB
Greece,300,1990,10225.99,GRC
Greece,300,1995,10745.502,GRC
Greece,300,2000,11082.103,GRC
Greece,300,2005,11224.8,GRC
Greece,300,2010,10887.64,GRC
Greece,300,2015,10659.737,GRC
Greece,300,2020,10423.056,GRC
Holy See*,336,1990,0.762,VAT
Holy See*,336,1995,0.778,VAT
Holy See*,336,2000,0.79,VAT
Holy See*,336,2005,0.798,VAT
Holy See*,336,2010,0.783,VAT
Holy See*,336,2015,0.79,VAT
Holy See*,336,2020,0.809,VAT
Italy,380,1990,57048.237,ITA
Italy,380,1995,57174.412,ITA
Italy,380,2000,56692.178,ITA
Italy,380,2005,58281.209,ITA
Italy,380,2010,59325.232,ITA
Italy,380,2015,60578.489,ITA
Italy,380,2020,60461.828,ITA
Malta,470,1990,362.017,MLT
Malta,470,1995,376.893,MLT
Malta,470,2000,393.649,MLT
Malta,470,2005,404.659,MLT
Malta,470,2010,414.257,MLT
Malta,470,2015,433.559,MLT
Malta,470,2020,441.539,MLT
Montenegro,499,1990,615.004,MNE
Montenegro,499,1995,620.419,MNE
Montenegro,499,2000,613.558,MNE
Montenegro,499,2005,616.388,MNE
Montenegro,499,2010,624.279,MNE
Montenegro,499,2015,626.957,MNE
Montenegro,499,2020,628.062,MNE
North Macedonia,807,1990,1996.218,MKD
North Macedonia,807,1995,1983.259,MKD
North Macedonia,807,2000,2034.823,MKD
North Macedonia,807,2005,2060.28,MKD
North Macedonia,807,2010,2070.737,MKD
North Macedonia,807,2015,2079.335,MKD
North Macedonia,807,2020,2083.38,MKD
Portugal,620,1990,9895.358,PRT
Portugal,620,1995,10091.322,PRT
Portugal,620,2000,10297.117,PRT
Portugal,620,2005,10508.494,PRT
Portugal,620,2010,10596.055,PRT
Portugal,620,2015,10368.346,PRT
Portugal,620,2020,10196.707,PRT
San Marino,674,1990,24.124,SMR
San Marino,674,1995,25.925,SMR
San Marino,674,2000,27.46,SMR
San Marino,674,2005,29.324,SMR
San Marino,674,2010,31.221,SMR
San Marino,674,2015,33.27,SMR
San Marino,674,2020,33.938,SMR
Serbia*,688,1990,9517.677,SRB
Serbia*,688,1995,9884.145,SRB
Serbia*,688,2000,9487.612,SRB
Serbia*,688,2005,9193.818,SRB
Serbia*,688,2010,8991.258,SRB
Serbia*,688,2015,8876.777,SRB
Serbia*,688,2020,8737.37,SRB
Slovenia,705,1990,2006.404,SVN
Slovenia,705,1995,1991.126,SVN
Slovenia,705,2000,1987.71,SVN
Slovenia,705,2005,1994.979,SVN
Slovenia,705,2010,2043.336,SVN
Slovenia,705,2015,2071.199,SVN
Slovenia,705,2020,2078.932,SVN
Spain*,724,1990,39202.524,ESP
Spain*,724,1995,39787.413,ESP
Spain*,724,2000,40824.745,ESP
Spain*,724,2005,44019.118,ESP
Spain*,724,2010,46931.011,ESP
Spain*,724,2015,46671.919,ESP
Spain*,724,2020,46754.783,ESP
Western Europe,926,1990,175509.662,NA
Western Europe,926,1995,180050.088,NA
Western Europe,926,2000,182338.687,NA
Western Europe,926,2005,185803.787,NA
Western Europe,926,2010,188126.312,NA
Western Europe,926,2015,192084.399,NA
Western Europe,926,2020,196146.321,NA
Austria,40,1990,7723.954,AUT
Austria,40,1995,7990.113,AUT
Austria,40,2000,8069.276,AUT
Austria,40,2005,8253.656,AUT
Austria,40,2010,8409.945,AUT
Austria,40,2015,8678.667,AUT
Austria,40,2020,9006.4,AUT
Belgium,56,1990,10006.545,BEL
Belgium,56,1995,10186.304,BEL
Belgium,56,2000,10282.046,BEL
Belgium,56,2005,10546.885,BEL
Belgium,56,2010,10938.735,BEL
Belgium,56,2015,11287.931,BEL
Belgium,56,2020,11589.616,BEL
France*,250,1990,56666.861,FRA
France*,250,1995,57801.887,FRA
France*,250,2000,59015.092,FRA
France*,250,2005,61120.128,FRA
France*,250,2010,62879.535,FRA
France*,250,2015,64453.194,FRA
France*,250,2020,65273.512,FRA
Germany,276,1990,79053.984,DEU
Germany,276,1995,81138.653,DEU
Germany,276,2000,81400.883,DEU
Germany,276,2005,81602.739,DEU
Germany,276,2010,80827.001,DEU
Germany,276,2015,81787.411,DEU
Germany,276,2020,83783.945,DEU
Liechtenstein,438,1990,28.79,LIE
Liechtenstein,438,1995,30.884,LIE
Liechtenstein,438,2000,33.184,LIE
Liechtenstein,438,2005,34.718,LIE
Liechtenstein,438,2010,35.996,LIE
Liechtenstein,438,2015,37.465,LIE
Liechtenstein,438,2020,38.137,LIE
Luxembourg,442,1990,381.78,LUX
Luxembourg,442,1995,408.145,LUX
Luxembourg,442,2000,436.106,LUX
Luxembourg,442,2005,457.848,LUX
Luxembourg,442,2010,507.89,LUX
Luxembourg,442,2015,566.741,LUX
Luxembourg,442,2020,625.976,LUX
Monaco,492,1990,29.433,MCO
Monaco,492,1995,30.731,MCO
Monaco,492,2000,32.148,MCO
Monaco,492,2005,33.842,MCO
Monaco,492,2010,35.609,MCO
Monaco,492,2015,37.723,MCO
Monaco,492,2020,39.244,MCO
Netherlands*,528,1990,14965.442,NLD
Netherlands*,528,1995,15467.852,NLD
Netherlands*,528,2000,15926.188,NLD
Netherlands*,528,2005,16367.153,NLD
Netherlands*,528,2010,16682.927,NLD
Netherlands*,528,2015,16938.492,NLD
Netherlands*,528,2020,17134.873,NLD
Switzerland,756,1990,6652.873,CHE
Switzerland,756,1995,6995.519,CHE
Switzerland,756,2000,7143.764,CHE
Switzerland,756,2005,7386.818,CHE
Switzerland,756,2010,7808.674,CHE
Switzerland,756,2015,8296.775,CHE
Switzerland,756,2020,8654.618,CHE
LATIN AMERICA AND THE CARIBBEAN,904,1990,442840.078,NA
LATIN AMERICA AND THE CARIBBEAN,904,1995,483018.226,NA
LATIN AMERICA AND THE CARIBBEAN,904,2000,521836.322,NA
LATIN AMERICA AND THE CARIBBEAN,904,2005,557500.981,NA
LATIN AMERICA AND THE CARIBBEAN,904,2010,591352.345,NA
LATIN AMERICA AND THE CARIBBEAN,904,2015,623934.126,NA
LATIN AMERICA AND THE CARIBBEAN,904,2020,653962.332,NA
Caribbean,915,1990,34058.199,NA
Caribbean,915,1995,36162.184,NA
Caribbean,915,2000,38102.081,NA
Caribbean,915,2005,39745.797,NA
Caribbean,915,2010,41217.34,NA
Caribbean,915,2015,42622.28,NA
Caribbean,915,2020,43532.374,NA
Anguilla*,660,1990,8.894,AIA
Anguilla*,660,1995,9.868,AIA
Anguilla*,660,2000,11.247,AIA
Anguilla*,660,2005,12.442,AIA
Anguilla*,660,2010,13.436,AIA
Anguilla*,660,2015,14.279,AIA
Anguilla*,660,2020,15.002,AIA
Antigua and Barbuda,28,1990,62.533,ATG
Antigua and Barbuda,28,1995,68.672,ATG
Antigua and Barbuda,28,2000,76.007,ATG
Antigua and Barbuda,28,2005,81.462,ATG
Antigua and Barbuda,28,2010,88.03,ATG
Antigua and Barbuda,28,2015,93.571,ATG
Antigua and Barbuda,28,2020,97.928,ATG
Aruba*,533,1990,62.152,ABW
Aruba*,533,1995,80.324,ABW
Aruba*,533,2000,90.866,ABW
Aruba*,533,2005,100.028,ABW
Aruba*,533,2010,101.665,ABW
Aruba*,533,2015,104.339,ABW
Aruba*,533,2020,106.766,ABW
Bahamas,44,1990,256.227,BHS
Bahamas,44,1995,280.179,BHS
Bahamas,44,2000,298.045,BHS
Bahamas,44,2005,324.848,BHS
Bahamas,44,2010,354.936,BHS
Bahamas,44,2015,374.2,BHS
Bahamas,44,2020,393.248,BHS
Barbados,52,1990,260.933,BRB
Barbados,52,1995,265.955,BRB
Barbados,52,2000,271.511,BRB
Barbados,52,2005,276.32,BRB
Barbados,52,2010,282.131,BRB
Barbados,52,2015,285.327,BRB
Barbados,52,2020,287.371,BRB
"Bonaire, Sint Eustatius and Saba*",535,1990,13.01,BES
"Bonaire, Sint Eustatius and Saba*",535,1995,15.101,BES
"Bonaire, Sint Eustatius and Saba*",535,2000,14.387,BES
"Bonaire, Sint Eustatius and Saba*",535,2005,14.399,BES
"Bonaire, Sint Eustatius and Saba*",535,2010,20.941,BES
"Bonaire, Sint Eustatius and Saba*",535,2015,24.571,BES
"Bonaire, Sint Eustatius and Saba*",535,2020,26.221,BES
British Virgin Islands*,92,1990,17.489,VGB
British Virgin Islands*,92,1995,19.307,VGB
British Virgin Islands*,92,2000,20.313,VGB
British Virgin Islands*,92,2005,23.106,VGB
British Virgin Islands*,92,2010,27.796,VGB
British Virgin Islands*,92,2015,29.148,VGB
British Virgin Islands*,92,2020,30.237,VGB
Cayman Islands*,136,1990,25.307,CYM
Cayman Islands*,136,1995,32.161,CYM
Cayman Islands*,136,2000,42.305,CYM
Cayman Islands*,136,2005,49.261,CYM
Cayman Islands*,136,2010,56.672,CYM
Cayman Islands*,136,2015,61.721,CYM
Cayman Islands*,136,2020,65.72,CYM
Cuba,192,1990,10596.986,CUB
Cuba,192,1995,10888.246,CUB
Cuba,192,2000,11126.423,CUB
Cuba,192,2005,11261.586,CUB
Cuba,192,2010,11225.833,CUB
Cuba,192,2015,11324.777,CUB
Cuba,192,2020,11326.616,CUB
Curaçao*,531,1990,146.679,CUW
Curaçao*,531,1995,143.88,CUW
Curaçao*,531,2000,132.147,CUW
Curaçao*,531,2005,130.136,CUW
Curaçao*,531,2010,149.188,CUW
Curaçao*,531,2015,159.85,CUW
Curaçao*,531,2020,164.1,CUW
Dominica,212,1990,70.422,DMA
Dominica,212,1995,71.105,DMA
Dominica,212,2000,69.65,DMA
Dominica,212,2005,70.58,DMA
Dominica,212,2010,70.877,DMA
Dominica,212,2015,71.175,DMA
Dominica,212,2020,71.991,DMA
Dominican Republic,214,1990,7133.491,DOM
Dominican Republic,214,1995,7819.239,DOM
Dominican Republic,214,2000,8471.317,DOM
Dominican Republic,214,2005,9097.262,DOM
Dominican Republic,214,2010,9695.117,DOM
Dominican Republic,214,2015,10281.675,DOM
Dominican Republic,214,2020,10847.904,DOM
Grenada,308,1990,96.328,GRD
Grenada,308,1995,100.286,GRD
Grenada,308,2000,102.837,GRD
Grenada,308,2005,104.658,GRD
Grenada,308,2010,106.227,GRD
Grenada,308,2015,109.603,GRD
Grenada,308,2020,112.519,GRD
Guadeloupe*,312,1990,389.251,GLP
Guadeloupe*,312,1995,403.731,GLP
Guadeloupe*,312,2000,422.048,GLP
Guadeloupe*,312,2005,402.903,GLP
Guadeloupe*,312,2010,406.073,GLP
Guadeloupe*,312,2015,400.26,GLP
Guadeloupe*,312,2020,400.127,GLP
Haiti,332,1990,7037.915,HTI
Haiti,332,1995,7744.509,HTI
Haiti,332,2000,8463.802,HTI
Haiti,332,2005,9195.289,HTI
Haiti,332,2010,9949.318,HTI
Haiti,332,2015,10695.54,HTI
Haiti,332,2020,11402.533,HTI
Jamaica,388,1990,2419.901,JAM
Jamaica,388,1995,2533.705,JAM
Jamaica,388,2000,2654.698,JAM
Jamaica,388,2005,2740,JAM
Jamaica,388,2010,2810.464,JAM
Jamaica,388,2015,2891.024,JAM
Jamaica,388,2020,2961.161,JAM
Martinique*,474,1990,358.457,MTQ
Martinique*,474,1995,368.728,MTQ
Martinique*,474,2000,387.016,MTQ
Martinique*,474,2005,397.191,MTQ
Martinique*,474,2010,394.666,MTQ
Martinique*,474,2015,378.483,MTQ
Martinique*,474,2020,375.265,MTQ
Montserrat*,500,1990,10.616,MSR
Montserrat*,500,1995,9.848,MSR
Montserrat*,500,2000,4.925,MSR
Montserrat*,500,2005,4.842,MSR
Montserrat*,500,2010,4.895,MSR
Montserrat*,500,2015,4.966,MSR
Montserrat*,500,2020,4.999,MSR
Puerto Rico*,630,1990,3403.168,PRI
Puerto Rico*,630,1995,3567.691,PRI
Puerto Rico*,630,2000,3668.955,PRI
Puerto Rico*,630,2005,3631.885,PRI
Puerto Rico*,630,2010,3579.842,PRI
Puerto Rico*,630,2015,3381.512,PRI
Puerto Rico*,630,2020,2860.84,PRI
Saint Barthélemy*,652,1990,5.345,BLM
Saint Barthélemy*,652,1995,6.365,BLM
Saint Barthélemy*,652,2000,7.416,BLM
Saint Barthélemy*,652,2005,8.555,BLM
Saint Barthélemy*,652,2010,9.234,BLM
Saint Barthélemy*,652,2015,9.696,BLM
Saint Barthélemy*,652,2020,9.885,BLM
Saint Kitts and Nevis,659,1990,40.26,KNA
Saint Kitts and Nevis,659,1995,42.077,KNA
Saint Kitts and Nevis,659,2000,44.083,KNA
Saint Kitts and Nevis,659,2005,46.852,KNA
Saint Kitts and Nevis,659,2010,49.011,KNA
Saint Kitts and Nevis,659,2015,51.204,KNA
Saint Kitts and Nevis,659,2020,53.192,KNA
Saint Lucia,662,1990,138.019,LCA
Saint Lucia,662,1995,146.871,LCA
Saint Lucia,662,2000,156.737,LCA
Saint Lucia,662,2005,163.408,LCA
Saint Lucia,662,2010,174.092,LCA
Saint Lucia,662,2015,179.131,LCA
Saint Lucia,662,2020,183.629,LCA
Saint Martin (French part)*,663,1990,31.522,MAF
Saint Martin (French part)*,663,1995,27.32,MAF
Saint Martin (French part)*,663,2000,28.935,MAF
Saint Martin (French part)*,663,2005,34.252,MAF
Saint Martin (French part)*,663,2010,37.582,MAF
Saint Martin (French part)*,663,2015,35.865,MAF
Saint Martin (French part)*,663,2020,38.659,MAF
Saint Vincent and the Grenadines,670,1990,107.489,VCT
Saint Vincent and the Grenadines,670,1995,108.043,VCT
Saint Vincent and the Grenadines,670,2000,107.787,VCT
Saint Vincent and the Grenadines,670,2005,108.617,VCT
Saint Vincent and the Grenadines,670,2010,108.26,VCT
Saint Vincent and the Grenadines,670,2015,109.135,VCT
Saint Vincent and the Grenadines,670,2020,110.947,VCT
Sint Maarten (Dutch part)*,534,1990,28.814,SXM
Sint Maarten (Dutch part)*,534,1995,31.164,SXM
Sint Maarten (Dutch part)*,534,2000,32.564,SXM
Sint Maarten (Dutch part)*,534,2005,33.436,SXM
Sint Maarten (Dutch part)*,534,2010,34.166,SXM
Sint Maarten (Dutch part)*,534,2015,39.967,SXM
Sint Maarten (Dutch part)*,534,2020,42.882,SXM
Trinidad and Tobago,780,1990,1221.121,TTO
Trinidad and Tobago,780,1995,1254.2,TTO
Trinidad and Tobago,780,2000,1267.159,TTO
Trinidad and Tobago,780,2005,1296.497,TTO
Trinidad and Tobago,780,2010,1328.144,TTO
Trinidad and Tobago,780,2015,1370.332,TTO
Trinidad and Tobago,780,2020,1399.491,TTO
Turks and Caicos Islands*,796,1990,12.115,TCA
Turks and Caicos Islands*,796,1995,16.221,TCA
Turks and Caicos Islands*,796,2000,20.171,TCA
Turks and Caicos Islands*,796,2005,28.181,TCA
Turks and Caicos Islands*,796,2010,32.658,TCA
Turks and Caicos Islands*,796,2015,35.979,TCA
Turks and Caicos Islands*,796,2020,38.718,TCA
United States Virgin Islands*,850,1990,103.755,VIR
United States Virgin Islands*,850,1995,107.388,VIR
United States Virgin Islands*,850,2000,108.73,VIR
United States Virgin Islands*,850,2005,107.801,VIR
United States Virgin Islands*,850,2010,106.086,VIR
United States Virgin Islands*,850,2015,104.95,VIR
United States Virgin Islands*,850,2020,104.423,VIR
Central America,916,1990,113383.702,NA
Central America,916,1995,124553.726,NA
Central America,916,2000,135322.351,NA
Central America,916,2005,145950.549,NA
Central America,916,2010,157591.31,NA
Central America,916,2015,168949.156,NA
Central America,916,2020,179670.186,NA
Belize,84,1990,187.554,BLZ
Belize,84,1995,206.962,BLZ
Belize,84,2000,247.31,BLZ
Belize,84,2005,283.798,BLZ
Belize,84,2010,322.465,BLZ
Belize,84,2015,360.926,BLZ
Belize,84,2020,397.621,BLZ
Costa Rica,188,1990,3119.436,CRI
Costa Rica,188,1995,3545.524,CRI
Costa Rica,188,2000,3962.369,CRI
Costa Rica,188,2005,4285.504,CRI
Costa Rica,188,2010,4577.371,CRI
Costa Rica,188,2015,4847.805,CRI
Costa Rica,188,2020,5094.114,CRI
El Salvador,222,1990,5270.074,SLV
El Salvador,222,1995,5628.602,SLV
El Salvador,222,2000,5887.93,SLV
El Salvador,222,2005,6052.124,SLV
El Salvador,222,2010,6183.877,SLV
El Salvador,222,2015,6325.121,SLV
El Salvador,222,2020,6486.201,SLV
Guatemala,320,1990,9263.82,GTM
Guatemala,320,1995,10408.486,GTM
Guatemala,320,2000,11650.744,GTM
Guatemala,320,2005,13096.028,GTM
Guatemala,320,2010,14630.42,GTM
Guatemala,320,2015,16252.425,GTM
Guatemala,320,2020,17915.567,GTM
Honduras,340,1990,4955.302,HND
Honduras,340,1995,5709.01,HND
Honduras,340,2000,6574.51,HND
Honduras,340,2005,7458.982,HND
Honduras,340,2010,8317.467,HND
Honduras,340,2015,9112.904,HND
Honduras,340,2020,9904.608,HND
Mexico,484,1990,83943.135,MEX
Mexico,484,1995,91663.29,MEX
Mexico,484,2000,98899.845,MEX
Mexico,484,2005,106005.199,MEX
Mexico,484,2010,114092.961,MEX
Mexico,484,2015,121858.251,MEX
Mexico,484,2020,128932.753,MEX
Nicaragua,558,1990,4173.435,NIC
Nicaragua,558,1995,4652.185,NIC
Nicaragua,558,2000,5069.31,NIC
Nicaragua,558,2005,5438.692,NIC
Nicaragua,558,2010,5824.058,NIC
Nicaragua,558,2015,6223.234,NIC
Nicaragua,558,2020,6624.554,NIC
Panama,591,1990,2470.946,PAN
Panama,591,1995,2739.667,PAN
Panama,591,2000,3030.333,PAN
Panama,591,2005,3330.222,PAN
Panama,591,2010,3642.691,PAN
Panama,591,2015,3968.49,PAN
Panama,591,2020,4314.768,PAN
South America,931,1990,295398.177,NA
South America,931,1995,322302.316,NA
South America,931,2000,348411.89,NA
South America,931,2005,371804.635,NA
South America,931,2010,392543.695,NA
South America,931,2015,412362.69,NA
South America,931,2020,430759.772,NA
Argentina,32,1990,32618.648,ARG
Argentina,32,1995,34828.168,ARG
Argentina,32,2000,36870.796,ARG
Argentina,32,2005,38892.924,ARG
Argentina,32,2010,40895.751,ARG
Argentina,32,2015,43075.416,ARG
Argentina,32,2020,45195.777,ARG
Bolivia (Plurinational State of),68,1990,6864.839,BOL
Bolivia (Plurinational State of),68,1995,7622.334,BOL
Bolivia (Plurinational State of),68,2000,8418.27,BOL
Bolivia (Plurinational State of),68,2005,9232.301,BOL
Bolivia (Plurinational State of),68,2010,10048.597,BOL
Bolivia (Plurinational State of),68,2015,10869.732,BOL
Bolivia (Plurinational State of),68,2020,11673.029,BOL
Brazil,76,1990,149003.225,BRA
Brazil,76,1995,162019.889,BRA
Brazil,76,2000,174790.339,BRA
Brazil,76,2005,186127.108,BRA
Brazil,76,2010,195713.637,BRA
Brazil,76,2015,204471.759,BRA
Brazil,76,2020,212559.409,BRA
Chile,152,1990,13274.617,CHL
Chile,152,1995,14380.864,CHL
Chile,152,2000,15342.35,CHL
Chile,152,2005,16182.713,CHL
Chile,152,2010,17062.531,CHL
Chile,152,2015,17969.356,CHL
Chile,152,2020,19116.209,CHL
Colombia,170,1990,33102.569,COL
Colombia,170,1995,36421.438,COL
Colombia,170,2000,39629.965,COL
Colombia,170,2005,42647.731,COL
Colombia,170,2010,45222.699,COL
Colombia,170,2015,47520.667,COL
Colombia,170,2020,50882.884,COL
Ecuador,218,1990,10230.931,ECU
Ecuador,218,1995,11455.205,ECU
Ecuador,218,2000,12681.123,ECU
Ecuador,218,2005,13825.839,ECU
Ecuador,218,2010,15011.114,ECU
Ecuador,218,2015,16212.022,ECU
Ecuador,218,2020,17643.06,ECU
Falkland Islands (Malvinas)*,238,1990,1.98,FLK
Falkland Islands (Malvinas)*,238,1995,2.501,FLK
Falkland Islands (Malvinas)*,238,2000,2.893,FLK
Falkland Islands (Malvinas)*,238,2005,2.95,FLK
Falkland Islands (Malvinas)*,238,2010,2.902,FLK
Falkland Islands (Malvinas)*,238,2015,2.836,FLK
Falkland Islands (Malvinas)*,238,2020,3.483,FLK
French Guiana*,254,1990,115.784,GUF
French Guiana*,254,1995,137.4,GUF
French Guiana*,254,2000,163.163,GUF
French Guiana*,254,2005,202.973,GUF
French Guiana*,254,2010,232.996,GUF
French Guiana*,254,2015,261.008,GUF
French Guiana*,254,2020,298.682,GUF
Guyana,328,1990,743.306,GUY
Guyana,328,1995,761.298,GUY
Guyana,328,2000,746.718,GUY
Guyana,328,2005,746.156,GUY
Guyana,328,2010,749.43,GUY
Guyana,328,2015,767.433,GUY
Guyana,328,2020,786.559,GUY
Paraguay,600,1990,4223.413,PRY
Paraguay,600,1995,4776.838,PRY
Paraguay,600,2000,5323.202,PRY
Paraguay,600,2005,5824.095,PRY
Paraguay,600,2010,6248.017,PRY
Paraguay,600,2015,6688.746,PRY
Paraguay,600,2020,7132.53,PRY
Peru,604,1990,22071.433,PER
Peru,604,1995,24299.168,PER
Peru,604,2000,26459.944,PER
Peru,604,2005,27866.14,PER
Peru,604,2010,29027.68,PER
Peru,604,2015,30470.739,PER
Peru,604,2020,32971.846,PER
Suriname,740,1990,405.169,SUR
Suriname,740,1995,441.851,SUR
Suriname,740,2000,470.944,SUR
Suriname,740,2005,499.461,SUR
Suriname,740,2010,529.126,SUR
Suriname,740,2015,559.136,SUR
Suriname,740,2020,586.634,SUR
Uruguay,858,1990,3109.598,URY
Uruguay,858,1995,3224.275,URY
Uruguay,858,2000,3319.734,URY
Uruguay,858,2005,3321.799,URY
Uruguay,858,2010,3359.273,URY
Uruguay,858,2015,3412.013,URY
Uruguay,858,2020,3473.727,URY
Venezuela (Bolivarian Republic of),862,1990,19632.665,VEN
Venezuela (Bolivarian Republic of),862,1995,21931.087,VEN
Venezuela (Bolivarian Republic of),862,2000,24192.449,VEN
Venezuela (Bolivarian Republic of),862,2005,26432.445,VEN
Venezuela (Bolivarian Republic of),862,2010,28439.942,VEN
Venezuela (Bolivarian Republic of),862,2015,30081.827,VEN
Venezuela (Bolivarian Republic of),862,2020,28435.943,VEN
NORTHERN AMERICA,905,1990,279785.251,NA
NORTHERN AMERICA,905,1995,294453.532,NA
NORTHERN AMERICA,905,2000,312426.785,NA
NORTHERN AMERICA,905,2005,327287.144,NA
NORTHERN AMERICA,905,2010,343287.422,NA
NORTHERN AMERICA,905,2015,357031.045,NA
NORTHERN AMERICA,905,2020,368869.644,NA
Bermuda*,60,1990,61.63,BMU
Bermuda*,60,1995,63.439,BMU
Bermuda*,60,2000,65.017,BMU
Bermuda*,60,2005,66.26,BMU
Bermuda*,60,2010,65.388,BMU
Bermuda*,60,2015,63.695,BMU
Bermuda*,60,2020,62.273,BMU
Canada,124,1990,27541.323,CAN
Canada,124,1995,29164.153,CAN
Canada,124,2000,30588.379,CAN
Canada,124,2005,32164.313,CAN
Canada,124,2010,34147.566,CAN
Canada,124,2015,36026.668,CAN
Canada,124,2020,37742.157,CAN
Greenland*,304,1990,55.604,GRL
Greenland*,304,1995,55.81,GRL
Greenland*,304,2000,56.177,GRL
Greenland*,304,2005,56.949,GRL
Greenland*,304,2010,56.638,GRL
Greenland*,304,2015,56.378,GRL
Greenland*,304,2020,56.772,GRL
Saint Pierre and Miquelon*,666,1990,6.385,SPM
Saint Pierre and Miquelon*,666,1995,6.389,SPM
Saint Pierre and Miquelon*,666,2000,6.298,SPM
Saint Pierre and Miquelon*,666,2005,6.113,SPM
Saint Pierre and Miquelon*,666,2010,6.361,SPM
Saint Pierre and Miquelon*,666,2015,5.992,SPM
Saint Pierre and Miquelon*,666,2020,5.795,SPM
United States of America*,840,1990,252120.309,USA
United States of America*,840,1995,265163.741,USA
United States of America*,840,2000,281710.914,USA
United States of America*,840,2005,294993.509,USA
United States of America*,840,2010,309011.469,USA
United States of America*,840,2015,320878.312,USA
United States of America*,840,2020,331002.647,USA
OCEANIA,909,1990,27298.694,NA
OCEANIA,909,1995,29389.629,NA
OCEANIA,909,2000,31425.087,NA
OCEANIA,909,2005,33690.213,NA
OCEANIA,909,2010,36873.069,NA
OCEANIA,909,2015,39858.693,NA
OCEANIA,909,2020,42677.809,NA
Australia and New Zealand,927,1990,20358.775,NA
Australia and New Zealand,927,1995,21668.023,NA
Australia and New Zealand,927,2000,22850.426,NA
Australia and New Zealand,927,2005,24313.896,NA
Australia and New Zealand,927,2010,26524.747,NA
Australia and New Zealand,927,2015,28547.026,NA
Australia and New Zealand,927,2020,30322.114,NA
Australia*,36,1990,16960.6,AUS
Australia*,36,1995,17993.083,AUS
Australia*,36,2000,18991.434,AUS
Australia*,36,2005,20178.543,AUS
Australia*,36,2010,22154.687,AUS
Australia*,36,2015,23932.499,AUS
Australia*,36,2020,25499.881,AUS
New Zealand*,554,1990,3398.175,NZL
New Zealand*,554,1995,3674.94,NZL
New Zealand*,554,2000,3858.992,NZL
New Zealand*,554,2005,4135.353,NZL
New Zealand*,554,2010,4370.06,NZL
New Zealand*,554,2015,4614.527,NZL
New Zealand*,554,2020,4822.233,NZL
Melanesia,928,1990,5973.197,NA
Melanesia,928,1995,6683.224,NA
Melanesia,928,2000,7473.493,NA
Melanesia,928,2005,8232.149,NA
Melanesia,928,2010,9187.934,NA
Melanesia,928,2015,10121.727,NA
Melanesia,928,2020,11122.99,NA
Fiji,242,1990,728.575,FJI
Fiji,242,1995,775.428,FJI
Fiji,242,2000,811.011,FJI
Fiji,242,2005,821.606,FJI
Fiji,242,2010,859.816,FJI
Fiji,242,2015,868.632,FJI
Fiji,242,2020,896.444,FJI
New Caledonia*,540,1990,170.335,NCL
New Caledonia*,540,1995,193.296,NCL
New Caledonia*,540,2000,217.263,NCL
New Caledonia*,540,2005,236.441,NCL
New Caledonia*,540,2010,253.529,NCL
New Caledonia*,540,2015,271.062,NCL
New Caledonia*,540,2020,285.491,NCL
Papua New Guinea,598,1990,4615.843,PNG
Papua New Guinea,598,1995,5187.063,PNG
Papua New Guinea,598,2000,5847.59,PNG
Papua New Guinea,598,2005,6494.902,PNG
Papua New Guinea,598,2010,7310.512,PNG
Papua New Guinea,598,2015,8107.772,PNG
Papua New Guinea,598,2020,8947.027,PNG
Solomon Islands,90,1990,311.869,SLB
Solomon Islands,90,1995,359.276,SLB
Solomon Islands,90,2000,412.665,SLB
Solomon Islands,90,2005,469.918,SLB
Solomon Islands,90,2010,527.861,SLB
Solomon Islands,90,2015,603.133,SLB
Solomon Islands,90,2020,686.878,SLB
Vanuatu,548,1990,146.575,VUT
Vanuatu,548,1995,168.161,VUT
Vanuatu,548,2000,184.964,VUT
Vanuatu,548,2005,209.282,VUT
Vanuatu,548,2010,236.216,VUT
Vanuatu,548,2015,271.128,VUT
Vanuatu,548,2020,307.15,VUT
Micronesia,954,1990,416.764,NA
Micronesia,954,1995,454.92,NA
Micronesia,954,2000,484.779,NA
Micronesia,954,2005,498.296,NA
Micronesia,954,2010,503.58,NA
Micronesia,954,2015,522.926,NA
Micronesia,954,2020,548.927,NA
Guam*,316,1990,130.48,GUM
Guam*,316,1995,145.559,GUM
Guam*,316,2000,155.323,GUM
Guam*,316,2005,158.406,GUM
Guam*,316,2010,159.439,GUM
Guam*,316,2015,161.851,GUM
Guam*,316,2020,168.783,GUM
Kiribati,296,1990,72.394,KIR
Kiribati,296,1995,77.716,KIR
Kiribati,296,2000,84.405,KIR
Kiribati,296,2005,92.319,KIR
Kiribati,296,2010,102.93,KIR
Kiribati,296,2015,110.927,KIR
Kiribati,296,2020,119.446,KIR
Marshall Islands,584,1990,47.265,MHL
Marshall Islands,584,1995,50.454,MHL
Marshall Islands,584,2000,50.754,MHL
Marshall Islands,584,2005,55.257,MHL
Marshall Islands,584,2010,56.361,MHL
Marshall Islands,584,2015,57.444,MHL
Marshall Islands,584,2020,59.194,MHL
Micronesia (Fed. States of),583,1990,96.304,FSM
Micronesia (Fed. States of),583,1995,107.535,FSM
Micronesia (Fed. States of),583,2000,107.405,FSM
Micronesia (Fed. States of),583,2005,106.135,FSM
Micronesia (Fed. States of),583,2010,102.916,FSM
Micronesia (Fed. States of),583,2015,108.886,FSM
Micronesia (Fed. States of),583,2020,115.021,FSM
Nauru,520,1990,9.506,NRU
Nauru,520,1995,10.626,NRU
Nauru,520,2000,10.335,NRU
Nauru,520,2005,9.848,NRU
Nauru,520,2010,10.009,NRU
Nauru,520,2015,10.374,NRU
Nauru,520,2020,10.834,NRU
Northern Mariana Islands*,580,1990,45.752,MNP
Northern Mariana Islands*,580,1995,45.872,MNP
Northern Mariana Islands*,580,2000,57.453,MNP
Northern Mariana Islands*,580,2005,56.547,MNP
Northern Mariana Islands*,580,2010,53.971,MNP
Northern Mariana Islands*,580,2015,55.779,MNP
Northern Mariana Islands*,580,2020,57.557,MNP
Palau,585,1990,15.063,PLW
Palau,585,1995,17.158,PLW
Palau,585,2000,19.104,PLW
Palau,585,2005,19.784,PLW
Palau,585,2010,17.954,PLW
Palau,585,2015,17.665,PLW
Palau,585,2020,18.092,PLW
Polynesia*,957,1990,549.958,NA
Polynesia*,957,1995,583.462,NA
Polynesia*,957,2000,616.389,NA
Polynesia*,957,2005,645.872,NA
Polynesia*,957,2010,656.808,NA
Polynesia*,957,2015,667.014,NA
Polynesia*,957,2020,683.778,NA
American Samoa*,16,1990,47.351,ASM
American Samoa*,16,1995,53.158,ASM
American Samoa*,16,2000,57.816,ASM
American Samoa*,16,2005,59.557,ASM
American Samoa*,16,2010,56.084,ASM
American Samoa*,16,2015,55.806,ASM
American Samoa*,16,2020,55.197,ASM
Cook Islands*,184,1990,18.195,COK
Cook Islands*,184,1995,19.105,COK
Cook Islands*,184,2000,17.935,COK
Cook Islands*,184,2005,19.07,COK
Cook Islands*,184,2010,18.392,COK
Cook Islands*,184,2015,17.581,COK
Cook Islands*,184,2020,17.564,COK
French Polynesia*,258,1990,199.906,PYF
French Polynesia*,258,1995,218.064,PYF
French Polynesia*,258,2000,240.681,PYF
French Polynesia*,258,2005,258.78,PYF
French Polynesia*,258,2010,266.449,PYF
French Polynesia*,258,2015,273.119,PYF
French Polynesia*,258,2020,280.904,PYF
Niue*,570,1990,2.332,NIU
Niue*,570,1995,2.161,NIU
Niue*,570,2000,1.902,NIU
Niue*,570,2005,1.688,NIU
Niue*,570,2010,1.622,NIU
Niue*,570,2015,1.61,NIU
Niue*,570,2020,1.618,NIU
Samoa,882,1990,162.797,WSM
Samoa,882,1995,170.05,WSM
Samoa,882,2000,174.454,WSM
Samoa,882,2005,179.722,WSM
Samoa,882,2010,185.944,WSM
Samoa,882,2015,193.51,WSM
Samoa,882,2020,198.41,WSM
Tokelau*,772,1990,1.604,TKL
Tokelau*,772,1995,1.507,TKL
Tokelau*,772,2000,1.55,TKL
Tokelau*,772,2005,1.213,TKL
Tokelau*,772,2010,1.129,TKL
Tokelau*,772,2015,1.247,TKL
Tokelau*,772,2020,1.35,TKL
Tonga,776,1990,95.069,TON
Tonga,776,1995,95.972,TON
Tonga,776,2000,97.962,TON
Tonga,776,2005,100.908,TON
Tonga,776,2010,103.981,TON
Tonga,776,2015,100.78,TON
Tonga,776,2020,105.697,TON
Tuvalu,798,1990,8.91,TUV
Tuvalu,798,1995,9.298,TUV
Tuvalu,798,2000,9.392,TUV
Tuvalu,798,2005,9.997,TUV
Tuvalu,798,2010,10.521,TUV
Tuvalu,798,2015,11.099,TUV
Tuvalu,798,2020,11.792,TUV
Wallis and Futuna Islands*,876,1990,13.794,WLF
Wallis and Futuna Islands*,876,1995,14.147,WLF
Wallis and Futuna Islands*,876,2000,14.697,WLF
Wallis and Futuna Islands*,876,2005,14.937,WLF
Wallis and Futuna Islands*,876,2010,12.686,WLF
Wallis and Futuna Islands*,876,2015,12.262,WLF
Wallis and Futuna Islands*,876,2020,11.246,WLF
